{"v":"5.8.1","fr":30,"ip":0,"op":66,"w":540,"h":540,"nm":"Loading_1","ddd":0,"assets":[],"layers":[{"ddd":0,"ind":1,"ty":4,"nm":"8 contornos 2","sr":1,"ks":{"o":{"a":0,"k":100,"ix":11},"r":{"a":1,"k":[{"i":{"x":[0.17],"y":[1]},"o":{"x":[0.156],"y":[0]},"t":0,"s":[0]},{"t":65,"s":[360]}],"ix":10},"p":{"a":1,"k":[{"i":{"x":0,"y":1},"o":{"x":0.028,"y":0},"t":0,"s":[270,242.654,0],"to":[0,-13.583,0],"ti":[0,0,0]},{"i":{"x":0.965,"y":1},"o":{"x":0.996,"y":0},"t":34,"s":[270,161.154,0],"to":[0,0,0],"ti":[0,-13.583,0]},{"t":65,"s":[270,242.654,0]}],"ix":2,"l":2},"a":{"a":0,"k":[0.211,-62.721,0],"ix":1,"l":2},"s":{"a":0,"k":[100,100,100],"ix":6,"l":2}},"ao":0,"shapes":[{"ty":"gr","it":[{"ind":0,"ty":"sh","ix":1,"ks":{"a":0,"k":{"i":[[0,9.305],[-12.81,0],[0,-9.547],[13.173,0]],"o":[[0,-9.426],[12.689,0],[0,9.185],[-13.173,0]],"v":[[-20.757,-62.721],[0.15,-77.948],[21.178,-62.6],[0.15,-47.494]],"c":true},"ix":2},"nm":"8","mn":"ADBE Vector Shape - Group","hd":false},{"ty":"mm","mm":1,"nm":"Combinar trazados 1","mn":"ADBE Vector Filter - Merge","hd":false},{"ty":"fl","c":{"a":0,"k":[0.20392156862745098,0.6901960784313725,0.7647058823529411,1],"ix":4},"o":{"a":0,"k":100,"ix":5},"r":1,"bm":0,"nm":"Relleno 1","mn":"ADBE Vector Graphic - Fill","hd":false},{"ty":"tr","p":{"a":0,"k":[0,0],"ix":2},"a":{"a":0,"k":[0,0],"ix":1},"s":{"a":0,"k":[100,100],"ix":3},"r":{"a":0,"k":0,"ix":6},"o":{"a":0,"k":100,"ix":7},"sk":{"a":0,"k":0,"ix":4},"sa":{"a":0,"k":0,"ix":5},"nm":"Transformar"}],"nm":"8","np":4,"cix":2,"bm":0,"ix":1,"mn":"ADBE Vector Group","hd":false}],"ip":0,"op":300,"st":0,"bm":0},{"ddd":0,"ind":2,"ty":4,"nm":"8 contornos","sr":1,"ks":{"o":{"a":0,"k":100,"ix":11},"r":{"a":0,"k":0,"ix":10},"p":{"a":0,"k":[270,270.374,0],"ix":2,"l":2},"a":{"a":0,"k":[0.211,-23.626,0],"ix":1,"l":2},"s":{"a":0,"k":[100,100,100],"ix":6,"l":2}},"ao":0,"shapes":[{"ty":"gr","it":[{"ind":0,"ty":"sh","ix":1,"ks":{"a":1,"k":[{"i":{"x":0.833,"y":0.833},"o":{"x":0.167,"y":0.167},"t":0,"s":[{"i":[[14.985,0],[0,10.514],[-14.985,0],[0,-10.393]],"o":[[-14.985,0],[0,-10.393],[14.985,0],[0,10.514]],"v":[[0.15,-6.647],[-23.657,-23.687],[0.09,-37.73],[24.079,-23.687]],"c":true}]},{"i":{"x":0.833,"y":0.833},"o":{"x":0.167,"y":0.167},"t":5,"s":[{"i":[[14.985,0],[0,10.514],[-14.985,0],[0,-10.393]],"o":[[-14.985,0],[0,-10.393],[14.985,0],[0,10.514]],"v":[[0.15,-6.647],[-23.657,-23.687],[0.15,-40.605],[24.079,-23.687]],"c":true}]},{"i":{"x":0.833,"y":0.833},"o":{"x":0.167,"y":0.167},"t":64,"s":[{"i":[[14.985,0],[0,10.514],[-14.985,0],[0,-10.393]],"o":[[-14.985,0],[0,-10.393],[14.985,0],[0,10.514]],"v":[[0.15,-6.647],[-23.657,-23.687],[0.15,-40.605],[24.079,-23.687]],"c":true}]},{"t":65,"s":[{"i":[[14.985,0],[0,10.514],[-14.985,0],[0,-10.393]],"o":[[-14.985,0],[0,-10.393],[14.985,0],[0,10.514]],"v":[[0.15,-6.647],[-23.657,-23.687],[0.09,-37.73],[24.079,-23.687]],"c":true}]}],"ix":2},"nm":"8","mn":"ADBE Vector Shape - Group","hd":false},{"ty":"mm","mm":1,"nm":"Combinar trazados 1","mn":"ADBE Vector Filter - Merge","hd":false},{"ty":"fl","c":{"a":0,"k":[0,0,0,1],"ix":4},"o":{"a":0,"k":100,"ix":5},"r":1,"bm":0,"nm":"Relleno 1","mn":"ADBE Vector Graphic - Fill","hd":false},{"ty":"tr","p":{"a":0,"k":[0,0],"ix":2},"a":{"a":0,"k":[0,0],"ix":1},"s":{"a":0,"k":[100,100],"ix":3},"r":{"a":0,"k":0,"ix":6},"o":{"a":0,"k":100,"ix":7},"sk":{"a":0,"k":0,"ix":4},"sa":{"a":0,"k":0,"ix":5},"nm":"Transformar"}],"nm":"8","np":4,"cix":2,"bm":0,"ix":1,"mn":"ADBE Vector Group","hd":false}],"ip":0,"op":300,"st":0,"bm":0},{"ddd":0,"ind":3,"ty":4,"nm":"Capa de formas 1","sr":1,"ks":{"o":{"a":0,"k":100,"ix":11},"r":{"a":0,"k":0,"ix":10},"p":{"a":0,"k":[270,287.125,0],"ix":2,"l":2},"a":{"a":0,"k":[-0.375,17.125,0],"ix":1,"l":2},"s":{"a":0,"k":[64.557,64.557,100],"ix":6,"l":2}},"ao":0,"shapes":[{"ty":"gr","it":[{"ind":0,"ty":"sh","ix":1,"ks":{"a":0,"k":{"i":[[22.298,0],[0,-5.454],[-22.298,0],[0,5.454]],"o":[[-22.298,0],[0,5.454],[22.298,0],[0,-5.454]],"v":[[0,-9.875],[-40.375,0],[0,9.875],[40.375,0]],"c":true},"ix":2},"nm":"Trazado 1","mn":"ADBE Vector Shape - Group","hd":false},{"ty":"st","c":{"a":0,"k":[1,0.599976004806,0,1],"ix":3},"o":{"a":0,"k":100,"ix":4},"w":{"a":0,"k":0,"ix":5},"lc":1,"lj":1,"ml":4,"bm":0,"nm":"Trazo 1","mn":"ADBE Vector Graphic - Stroke","hd":false},{"ty":"fl","c":{"a":0,"k":[0.858823529412,0.858823529412,0.858823529412,1],"ix":4},"o":{"a":0,"k":100,"ix":5},"r":1,"bm":0,"nm":"Relleno 1","mn":"ADBE Vector Graphic - Fill","hd":false},{"ty":"tr","p":{"a":0,"k":[-0.375,17.125],"ix":2},"a":{"a":0,"k":[0,0],"ix":1},"s":{"a":0,"k":[100,100],"ix":3},"r":{"a":0,"k":0,"ix":6},"o":{"a":0,"k":100,"ix":7},"sk":{"a":0,"k":0,"ix":4},"sa":{"a":0,"k":0,"ix":5},"nm":"Transformar"}],"nm":"Elipse 1","np":3,"cix":2,"bm":0,"ix":1,"mn":"ADBE Vector Group","hd":false}],"ip":0,"op":300,"st":0,"bm":0}],"markers":[]}