{"assets/fonts/title_font.ttf":["assets/fonts/title_font.ttf"],"assets/fonts/work_sans.ttf":["assets/fonts/work_sans.ttf"],"assets/images/anlysis.svg":["assets/images/anlysis.svg"],"assets/images/icon_main.png":["assets/images/icon_main.png"],"assets/images/icon_main_transparent.png":["assets/images/icon_main_transparent.png"],"assets/images/password.svg":["assets/images/password.svg"],"assets/images/svg1.svg":["assets/images/svg1.svg"],"assets/images/svg2.svg":["assets/images/svg2.svg"],"assets/images/svg3.svg":["assets/images/svg3.svg"],"assets/lottiefiles/loading.json":["assets/lottiefiles/loading.json"],"packages/cupertino_icons/assets/CupertinoIcons.ttf":["packages/cupertino_icons/assets/CupertinoIcons.ttf"],"packages/flutter_neumorphic/fonts/NeumorphicIcons.ttf":["packages/flutter_neumorphic/fonts/NeumorphicIcons.ttf"],"packages/fluttertoast/assets/toastify.css":["packages/fluttertoast/assets/toastify.css"],"packages/fluttertoast/assets/toastify.js":["packages/fluttertoast/assets/toastify.js"],"packages/progress_dialog_null_safe/assets/double_ring_loading_io.gif":["packages/progress_dialog_null_safe/assets/double_ring_loading_io.gif"]}